gene,solubility
aaeX,0.34
aas,0.07
aat,0.08
abgA,0.31
abgB,0.49
abgR,0.03
accA,0.29
accB,0.95
accC,0.3
accD,0.62
aceA,0.43
aceB,0.65
aceE,0.16
aceF,0.95
aceK,0.11
ackA,0.95
acnA,0.41
acnB,0.9
acs,0.62
add,0.15
adhE,0.46
adhP,0.87
adiA,0.31
adiY,0.21
adk,0.95
aegA,0.21
afuB,0.31
afuC,0.42
agaA,0.08
agaB,0.8
agaC,0.02
agaD,0.05
agaI,0.82
agaR,0.81
agaS,0.71
agp,0.62
ahpC,0.9
ahpF,0.76
aidB,0.02
ais,0.5
aldA,0.53
alkA,0.2
alkB,0.18
allA,0.96
allB,0.95
allC,0.25
allR,0.2
alpA,0.86
alr,0.46
alsB,0.53
alsK,0.31
amiA,0.37
amiB,0.31
amn,0.37
ampD,0.6
ampE,0.03
amyA,0.69
ansA,0.86
ansB,0.49
apaG,0.67
araA,0.08
araC,0.28
araD,0.81
araF,0.87
arcA,0.9
argC,0.31
argG,0.19
argO,0.19
argP,0.17
argR,0.91
argS,0.24
aroA,0.61
aroC,0.58
aroD,0.97
aroE,0.35
aroF,0.63
aroL,0.91
aroM,0.95
arpB,0.15
arsR,0.29
artI,0.77
artP,0.27
artQ,0.26
ascG,0.24
aslA,0.25
asmA,0.7
asnA,0.9
asnC,0.82
aspA,0.87
aspS,0.82
astA,0.12
astB,0.11
astD,0.54
atoA,0.26
atoB,0.09
atoC,0.39
atoD,0.54
atpA,0.61
atpB,0.07
atpE,0.56
atpF,0.2
atpG,0.49
atpH,0.89
atpI,0.35
avtA,0.47
baeS,0.31
barA,0.56
basS,0.2
bcsB,0.82
bcsE,0.24
bcsG,0.1
betI,0.19
bfr,0.96
bglG,0.49
bglX,0.31
bioB,0.59
bioD,0.27
bioF,0.03
bioH,0.64
bipA,0.89
birA,0.38
borD,0.33
btuD,0.09
btuE,0.99
btuR,0.95
caiA,0.41
caiB,0.55
caiD,0.15
caiF,0.63
can,0.48
carA,0.6
cbl,0.21
cbrA,0.35
cbrC,0.77
cchA,0.89
ccmA,0.47
ccmB,0.04
ccmD,0.67
ccmE,0.66
ccmG,0.69
ccmH,0.41
cdaR,0.09
cedA,0.95
chaB,0.95
chaC,0.28
chbA,0.95
chbB,0.98
chbF,0.24
chbG,0.11
chbR,0.37
cheA,0.89
cheB,0.09
cheR,0.11
cheW,0.81
cheY,0.95
cheZ,0.95
chpB,0.94
citB,0.88
citC,0.85
citD,0.79
citE,0.21
clcA,0.38
clcB,0.39
cld,0.08
clpA,0.61
clpS,0.63
cls,0.04
cmk,0.86
coaA,0.4
coaD,0.94
cobC,0.35
cobT,0.52
cobU,0.62
copA,0.21
corA,0.66
cpdB,0.83
cpsB,0.48
cpxA,0.17
crcA,0.09
creC,0.16
csdA,0.1
csgC,0.69
csgD,0.2
csgE,0.15
csgG,0.44
cueO,0.06
cueR,0.66
cusC,0.28
cusR,0.79
cusS,0.16
cutC,0.2
cyaY,0.95
cybC,0.87
cydC,0.1
cynS,0.52
cynT,0.47
cyoA,0.19
cysC,0.84
cysE,0.73
cysH,0.12
cysJ,0.24
cysK,0.77
cysN,0.49
cysP,0.62
cysU,0.95
cysZ,0.2
cytR,0.39
dacA,0.08
dacB,0.34
dadA,0.12
dapB,0.94
dapD,0.41
dapE,0.2
dbpA,0.13
dcd,0.91
dcm,0.43
dcp,0.43
dcrB,0.95
dcuC,0.04
dcuR,0.63
ddg,0.09
ddlA,0.92
ddpA,0.62
ddpC,0.15
deaD,0.5
degP,0.31
deoA,0.13
deoB,0.95
deoC,0.95
deoD,0.95
deoR,0.29
dgkA,0.31
dgoA,0.32
dgoK,0.07
dgsA,0.18
dgt,0.04
dhaH,0.74
dhaK,0.75
dhaL,0.82
dicA,0.58
dicC,0.75
dinB,0.26
dinF,0.1
dinG,0.05
dinJ,0.83
djlA,0.12
djlB,0.64
dkgA,0.28
dld,0.79
dmsA,0.23
dnaA,0.38
dnaB,0.81
dnaG,0.4
dnaN,0.16
dnaQ,0.13
dnaT,0.46
dppA,0.86
dps,0.44
dsbB,0.16
dsbC,0.82
dsdA,0.67
dsdC,0.08
dsdX,0.12
dtd,0.38
dxs,0.22
eaeH,0.05
ebgC,0.24
ebgR,0.99
eco,0.85
eda,0.78
edd,0.45
elaA,0.95
elaB,0.95
elaC,0.29
elaD,0.36
elbA,0.55
elbB,0.86
emrA,0.26
emrE,0.07
emtA,0.16
endA,0.95
eno,0.95
entA,0.63
entB,0.66
entC,0.44
entE,0.88
epd,0.32
era,0.92
erfK,0.11
essD,0.15
etp,0.14
eutA,0.33
eutB,0.13
eutC,0.17
eutG,0.09
eutI,0.82
eutJ,0.81
eutL,0.2
eutP,0.9
eutQ,0.89
eutT,0.95
evgA,0.95
exbB,0.15
exbD,0.48
exo,0.3
exoX,0.12
exuR,0.23
fabA,0.66
fabB,0.13
fabD,0.8
fabH,0.92
fabZ,0.28
fadB,0.15
fadL,0.01
fadR,0.86
fbaA,0.7
fbaB,0.05
fbp,0.62
fdhD,0.22
fdnH,0.81
fdrA,0.57
feaR,0.37
fecA,0.01
fecB,0.09
fecD,0.04
fecE,0.05
fecI,0.16
feoB,0.09
fepB,0.3
fepE,0.34
fes,0.1
fhiA,0.09
fhuA,0.07
fhuF,0.29
fic,0.09
fimE,0.13
fimG,0.73
fimI,0.38
fixA,0.78
fixB,0.53
fkpB,0.95
flgA,0.12
flgB,0.94
flgC,0.43
flgD,0.95
flgE,0.95
flgF,0.95
flgH,0.25
flgI,0.64
flgJ,0.42
flgK,0.44
flgL,0.35
flgN,0.81
flhE,0.68
fliD,0.94
fliE,0.62
fliF,0.55
fliG,0.81
fliH,1
fliI,0.13
fliJ,0.9
fliK,0.97
fliM,0.58
fliN,1
fliO,0.15
fliQ,0.31
fliS,0.69
fliZ,0.23
flxA,0.93
fmt,0.9
fnr,0.95
focB,0.74
folB,0.95
folD,0.44
folE,0.5
folK,0.67
folM,0.2
folP,0.24
folX,0.9
fpr,0.17
frc,0.82
frdA,0.51
frdB,0.91
frdC,0.09
frlB,0.81
frlD,0.67
frlR,0.53
frmB,0.06
frmR,0.92
frr,0.95
frsA,0.13
fruA,0.07
fruB,0.91
fruK,0.79
frwB,0.88
fsaA,0.15
ftn,0.75
ftsA,0.85
ftsB,0.26
ftsH,0.41
ftsI,0.22
ftsL,0.25
ftsN,0.24
ftsQ,0.24
ftsX,0.23
fucA,0.54
fucI,0.36
fucK,0.09
fucU,0.95
fumA,0.37
fur,0.95
fusA,0.62
fxsA,0.26
gadA,0.62
gadW,0.05
galE,0.1
galF,0.58
galK,0.8
galT,0.61
garD,0.48
garK,0.99
gatA,0.14
gatD,0.54
gatY,0.11
gatZ,0.07
gcl,0.05
gcvA,0.1
gcvP,0.22
gcvR,0.95
gcvT,0.95
gdhA,0.22
gidA,0.07
glcB,0.49
glcC,0.2
glcD,0.52
glcE,0.1
glcG,0.99
gldA,1
glgC,0.11
glgP,0.11
glgX,0.2
glmS,0.91
glmU,0.95
glnA,0.42
glnB,0.95
gloB,0.8
glpA,0.06
glpB,0.25
glpD,0.48
glpK,0.22
glpQ,0.39
glpR,0.22
glpX,0.69
gltA,0.22
gltD,0.3
gltI,0.94
gltP,0.19
glyS,0.77
gmd,0.04
gmhB,0.93
gmk,0.95
gntX,0.72
gor,0.67
gph,0.9
gpmA,0.95
gpmI,0.95
gpp,0.51
greA,0.87
groS,0.86
grxB,0.66
gspA,0.76
gspC,0.27
gspD,0.35
gspE,0.22
gspF,0.17
gspG,0.47
gspI,0.61
gspK,0.31
gss,0.5
gst,0.77
guaB,0.49
guaD,0.46
gudD,0.15
gutM,0.51
gutQ,0.52
hcaB,0.1
hcaC,0.95
hcaD,0.41
hcaE,0.14
hcaR,0.11
hchA,0.79
hcr,0.46
hdeA,0.95
hdeB,0.63
hdhA,0.68
hemA,0.23
hemB,0.07
hemE,0.11
hemF,1
hemG,0.75
hemH,0.16
hemL,0.33
hemN,0.74
hemY,0.19
hflC,0.47
hflD,0.19
hflX,0.53
hfq,0.76
hinT,0.84
hipA,0.04
hisA,0.44
hisD,0.91
hisG,0.64
hisH,0.11
hisI,0.98
hisS,0.59
hlpA,0.49
hmp,0.87
holA,0.35
holD,0.32
holE,0.96
hscC,0.74
hsdS,0.51
hslJ,0.95
hslO,0.89
hslU,0.74
htgA,0.46
htpG,0.95
htpX,0.08
htrE,0.09
htrG,0.13
htrL,0.5
hupA,0.96
hyaD,0.74
hyaF,0.95
hybA,0.39
hybE,0.8
hybF,0.51
hycA,0.97
hycE,0.07
hycF,0.42
hycI,0.95
hyfA,0.75
hyi,0.23
hypB,0.94
hypD,0.29
hypE,0.24
hypF,0.74
iaaA,0.52
iap,0.26
icd,0.96
idi,0.32
idnD,0.24
idnK,0.9
ilvC,0.97
ilvD,0.26
ilvM,0.58
ilvN,0.99
ilvY,0.24
infA,0.94
infB,0.65
intQ,0.18
iscA,0.95
iscS,0.37
iscU,0.97
ispA,0.85
ispB,0.51
ispD,0.67
ispE,0.95
ispF,0.84
ispH,0.75
katE,0.43
kdgR,0.66
kdpA,0.1
kdpB,0.08
kdpD,0.23
kdsB,0.95
kdsC,0.9
kdtA,0.15
kefF,0.34
kptA,0.97
lacI,0.32
lamB,0.55
ldcA,0.05
lepA,0.46
lepB,0.28
leuA,0.1
leuB,0.58
leuO,0.08
leuS,0.93
lexA,0.97
lgt,0.11
ligT,0.79
lipA,0.09
lipB,0.52
livJ,0.96
lolA,0.71
lolC,0.3
lolD,0.26
lolE,0.2
lon,0.82
lpcA,0.92
lplA,0.37
lpp,0.58
lpxA,0.22
lpxB,0.47
lpxC,0.17
lpxD,0.48
lpxK,0.31
lpxM,0.17
lrhA,0.12
lrp,0.37
lspA,0.06
lsrB,0.76
lsrF,0.34
lsrG,0.77
ltaE,0.1
luxS,0.95
lysA,0.67
lysR,0.07
lysU,0.59
lyxK,0.15
maa,0.2
macA,0.45
macB,0.17
maeB,0.81
mak,0.09
malE,0.96
malI,0.11
malQ,0.32
malS,0.25
malT,0.09
malX,0.06
malY,0.18
malZ,0.15
manA,0.66
manX,0.94
map,0.64
marA,0.12
marB,0.61
marC,0.05
marR,0.81
mcrA,0.4
mcrB,0.43
mcrC,0.17
mdaB,0.95
mdoD,0.61
mdoH,0.04
melA,0.21
menB,0.72
menC,0.41
menD,0.04
menE,0.31
menF,0.5
mepA,0.17
metA,0.37
metB,0.45
metE,0.33
metF,0.26
metR,0.63
mglB,0.75
mgtA,0.51
mhpB,0.08
mhpD,0.75
mhpE,0.1
mhpF,0.58
mhpR,0.05
minC,0.7
minE,0.95
mipA,0.11
mlrA,0.95
mltA,0.36
mltB,0.27
mltC,0.18
mltD,0.29
mngB,0.04
moaA,0.05
moaC,0.87
mobB,0.98
modA,0.99
modB,0.2
modE,0.95
modF,0.34
moeA,0.65
moeB,0.78
mog,0.89
molR,0.33
motA,0.19
motB,0.33
mpaA,0.59
mpl,0.41
mppA,0.32
mprA,0.95
mqo,0.18
mrcA,0.05
mrdA,0.08
mreB,0.63
mreC,0.35
mrp,0.85
mrr,0.26
mscS,0.42
msrA,0.85
msyB,0.91
mtgA,0.11
mtlA,0.27
mtlD,0.6
mukE,0.86
murC,0.77
murE,0.35
mutM,0.53
mutS,0.42
nadA,0.35
nadR,0.39
nagA,0.79
nagB,0.28
nagD,0.07
nagE,0.02
nagZ,0.12
nanR,0.95
napD,0.95
napF,0.12
napG,0.2
napH,0.06
narH,0.13
narL,0.95
narQ,0.07
narX,0.44
ndh,0.36
ndk,0.65
nei,0.93
nemA,0.82
nfi,0.23
nfnB,0.87
nfo,0.14
nfrB,0.07
nhoA,0.82
nikR,0.8
nirB,0.1
nlpB,0.87
nlpC,0.34
nlpE,0.95
nlpI,0.56
nmpC,0.11
nohA,0.72
norW,0.42
npr,0.78
nrdA,0.63
nrdD,0.6
nrdE,0.08
nrdF,0.32
nrdG,0.69
nrfA,0.25
nrfB,0.16
nrfF,0.2
nrfG,0.65
nth,0.57
nudB,0.53
nudD,0.76
nudF,0.58
nudH,0.63
nuoB,0.78
nuoC,0.18
nuoF,0.12
nuoJ,0.83
nusB,0.97
ogt,0.11
ompA,0.11
ompL,0.06
ompT,0.04
ompW,0.43
ompX,0.14
orn,0.95
osmC,0.95
osmE,0.99
osmY,0.95
otsB,0.45
oxyR,0.17
paaB,0.86
paaD,0.95
paaE,0.21
paaG,0.99
paaH,0.07
paaX,0.13
pabC,0.11
pal,0.81
panB,0.44
panC,0.52
panD,0.75
panE,0.31
pbl,0.29
pck,0.59
pcm,0.15
pcnB,0.23
pdxA,0.95
pdxH,0.51
pdxK,0.11
pdxY,0.35
pepA,0.58
pepD,0.88
pepN,0.95
pepP,0.75
pepT,0.78
pflA,0.95
pflB,0.31
pflC,0.22
pfs,0.95
pgk,0.95
pgm,0.73
pgsA,0.07
pheA,0.44
pheS,0.12
pheT,0.8
phnA,0.95
phnF,0.29
phnG,0.27
phnH,0.49
phnI,0.11
phnJ,0.08
phnK,0.07
phnM,0.1
phnO,0.66
phoH,0.21
phoQ,0.2
phoU,0.94
php,0.34
phr,0.02
pin,0.17
pldA,0.1
pldB,0.36
plsC,0.29
plsX,0.15
pmrD,0.91
pncB,0.32
pntA,0.95
polA,0.76
poxA,0.66
poxB,0.2
ppa,0.93
ppdC,0.24
ppdD,0.1
pphA,0.07
ppiA,0.74
ppiC,0.86
ppiD,0.53
pqqL,0.38
priB,0.72
priC,0.78
prmA,0.83
prmB,0.33
prmC,0.81
proC,0.95
proQ,0.7
proS,0.17
proV,0.73
proW,0.05
prpB,0.34
prpC,0.93
prpD,0.1
prsA,0.09
psd,0.33
pspA,0.95
pspB,0.63
pspF,0.37
pssA,0.36
pstS,0.8
pta,0.54
pth,0.78
ptr,0.66
ptrB,0.02
ptsA,0.69
ptsH,0.88
ptsN,0.83
ptsP,0.09
purB,0.74
purC,0.5
purD,0.89
purE,0.95
purF,0.16
purH,0.72
purM,0.93
purN,0.98
purT,0.47
purU,0.32
puuA,0.6
puuD,0.49
puuR,0.68
pykA,0.44
pyrB,0.79
pyrC,0.04
pyrE,0.72
pyrF,0.51
pyrG,0.77
pyrI,0.95
qseC,0.22
queA,0.89
racC,0.95
racR,0.92
radA,0.29
rarA,0.17
rbbA,0.18
rbfA,0.68
rbsC,0.18
rbsK,0.88
rcsB,0.9
rcsD,0.24
rcsF,0.82
rdgC,0.8
recE,0.51
recF,0.06
recN,0.13
recQ,0.47
recR,0.84
recT,0.61
relA,0.76
relB,0.94
rep,0.19
rfaD,0.26
rfaE,0.77
rfaF,0.25
rfaG,0.3
rfaH,0.44
rfaI,0.42
rfaP,0.34
rfaQ,0.33
rfaY,0.49
rfaZ,0.25
rfbB,0.23
rffA,0.19
rffC,0.13
rffD,0.82
rffE,0.76
rhaA,0.31
rhaB,0.04
rhaD,0.44
rhaS,0.22
ribA,0.95
ribB,0.95
ribC,0.91
ribD,0.36
ribF,0.42
rihA,0.81
rimI,0.81
rimM,0.95
rlmB,0.93
rlpB,0.81
rluC,0.63
rmuC,0.16
rnb,0.49
rnc,0.95
rnd,0.19
rng,0.76
rnhA,0.73
rnhB,0.6
rnpA,0.96
rnr,0.45
rob,0.13
rof,0.95
rph,0.62
rpiA,0.94
rpiB,0.4
rplI,0.84
rplJ,0.75
rplK,0.95
rplM,0.76
rplN,0.71
rplO,0.64
rplP,0.9
rplS,0.95
rplV,0.82
rplW,0.7
rpmA,0.34
rpmB,0.55
rpmD,0.95
rpmE,0.66
rpmH,0.9
rpmI,0.95
rpoD,0.93
rpoN,0.95
rpoS,0.31
rpoZ,0.82
rpsA,0.87
rpsB,0.77
rpsC,0.75
rpsF,0.98
rpsG,0.94
rpsH,0.86
rpsI,0.95
rpsK,0.81
rpsL,0.84
rpsM,0.99
rpsN,0.95
rpsO,0.95
rpsQ,0.83
rpsR,0.64
rpsT,0.95
rpsU,0.95
rrmA,0.37
rrmJ,0.16
rsd,0.93
rseC,0.27
rssB,0.79
rstB,0.54
rsuA,0.85
rsxB,0.23
rsxE,0.04
rsxG,0.43
rtcA,0.45
rtcB,0.22
rtn,0.77
rumB,0.16
rusA,0.76
ruvA,0.94
ruvB,0.31
ruvC,0.18
rzoD,0.95
rzpD,0.29
rzpR,0.95
sapB,0.09
sapF,0.08
sbcB,0.11
sbmC,0.95
sdaA,0.71
sdhD,0.44
secD,0.36
selB,0.58
selD,0.62
seqA,0.13
serA,0.61
serB,0.36
serC,0.17
serS,0.28
sfmF,0.65
sfmH,0.17
sfsA,0.2
sgbH,0.41
sgbU,0.69
sgcE,0.05
sgcX,0.29
sgrR,0.08
shiA,0.04
sieB,0.14
sixA,0.79
slt,0.11
slyA,0.9
smg,0.95
smpA,0.44
smpB,0.95
sodB,0.78
sohA,0.95
sohB,0.09
solA,0.73
soxR,0.82
speB,0.68
speD,0.36
speE,0.28
speF,0.22
sprT,0.91
spy,0.95
srlA,0.17
srlB,0.95
srlD,0.33
srlE,0.18
ssnA,0.06
sspA,0.51
ssuA,0.76
stfE,0.51
stfQ,0.12
sthA,0.23
sucA,0.07
sucB,0.95
sucC,0.68
sucD,0.7
sufD,0.37
sufE,0.95
suhB,0.87
sulA,0.61
surA,0.86
syd,0.59
tadA,0.16
tag,0.63
tap,0.05
tas,0.11
tatC,0.66
tatE,0.95
tauD,0.39
tbpA,0.22
tdcA,0.49
tdh,0.5
tdk,0.56
tehB,0.5
tesA,0.41
tfaE,0.95
tfaS,0.95
tgt,0.17
thiC,0.1
thiD,0.14
thiG,0.21
thiM,0.55
thrB,0.32
thrC,0.18
tig,0.88
tilS,0.33
tktA,0.32
tnaA,0.11
tnaB,0.06
tolA,0.51
tolB,0.32
tolC,0.16
tolQ,0.09
tolR,0.24
torS,0.13
torZ,0.33
tpiA,0.97
treA,0.7
treB,0.04
treC,0.09
treR,0.32
trkA,0.69
trmA,0.42
trmC,0.52
trmD,0.3
trmE,0.9
trmU,0.68
trpA,0.86
trpB,0.42
trpR,0.77
truA,0.38
truB,0.76
truD,0.52
trxA,0.89
trxB,0.95
tsf,0.87
tsx,0
ttdA,0.79
ttdB,0.4
tus,0.05
tynA,0.97
tyrB,0.38
ubiB,0.18
ubiC,0.66
ubiD,0.37
ubiE,0.33
ubiG,0.79
ubiX,0.22
udk,0.66
ugd,0.08
ugpB,0.64
ugpE,0.28
uhpB,0.19
uidA,0.46
uidC,0.04
uidR,0.94
ulaB,0.53
ulaG,0.37
umuC,0.03
ung,0.14
upp,0.95
uppS,0.32
usg,0.95
ushA,0.77
uspA,0.8
uspF,0.94
uvrB,0.22
uvrC,0.17
uvrY,0.75
uxaB,0.8
uxaC,0.08
uxuA,0.83
vacJ,0.2
wbbI,0.15
wbbK,0.32
wbbL,0.55
wcaA,0.3
wcaC,0.09
wcaE,0.11
wcaF,0.19
wcaI,0.1
wcaK,0.04
wcaL,0.22
wrbA,0.77
wzc,0.2
xapA,0.06
xapR,0.35
xdhB,0.17
xdhC,0.95
xdhD,0.37
xthA,0.24
yaaA,0.07
yaaI,0.59
yaaX,0.78
yabI,0.18
yacF,0.8
yacH,0.13
yadC,0.15
yadD,0.22
yadE,0.12
yadG,0.06
yadH,0.05
yadK,0.41
yadL,0.24
yadM,0.26
yadN,0.77
yaeB,0.86
yaeF,0.51
yaeH,0.93
yaeI,0.06
yaeJ,0.95
yaeL,0.16
yaeP,0.95
yaeR,0.82
yaeT,0.32
yafK,0.26
yafM,0.47
yafN,0.57
yafO,0.16
yafP,0.77
yafQ,0.95
yafT,0.61
yafU,0.73
yafV,0.44
yafW,0.14
yafX,0.94
yafY,0.27
yagA,0.02
yagE,0.51
yagL,0.14
yagQ,0.16
yagR,0.28
yagS,0.15
yagU,0.44
yagV,0.18
yagW,0.02
yagY,0.26
yagZ,0.35
yahB,0.02
yahE,0.06
yahG,0.31
yahI,0.83
yahJ,0.12
yahK,0.74
yahM,0.14
yahO,0.86
yaiC,0.23
yaiE,0.95
yaiP,0.39
yaiS,0.88
yaiV,0.52
yaiW,0.1
yaiY,0.4
yajB,0.14
yajD,0.95
yajI,0.88
yajL,0.56
yajQ,0.97
ybaA,0.95
ybaE,0.07
ybaJ,0.76
ybaK,0.95
ybaN,0.16
ybaP,0.43
ybaS,0.56
ybaX,0.95
ybaZ,0.94
ybbB,0.07
ybbC,0.49
ybbM,0.27
ybbN,0.75
ybbP,0.76
ybcC,0.07
ybcH,0.27
ybcI,0.05
ybcK,0.12
ybcO,0.98
ybcQ,0.27
ybcS,0.77
ybdF,0.7
ybdG,0.11
ybdK,0.09
ybdL,0.09
ybdM,0.71
ybdO,0.12
ybdR,0.2
ybeA,0.17
ybeD,0.95
ybeL,0.96
ybeR,0.12
ybeY,0.95
ybfC,0.48
ybfD,0.23
ybfE,0.95
ybfF,0.33
ybfM,0.01
ybfP,0.52
ybfQ,0.58
ybgA,0.23
ybgC,0.7
ybgE,0.27
ybgF,0.2
ybgJ,0.19
ybgK,0.07
ybgL,0.11
ybgQ,0.11
ybhA,0.06
ybhC,0.71
ybhE,0.85
ybhF,0.42
ybhG,0.32
ybhH,0.7
ybhJ,0.12
ybhM,0.67
ybhO,0.27
ybhP,0.14
ybhT,0.29
ybiC,0.11
ybiH,0.97
ybiI,1
ybiN,0.36
ybiO,0.22
ybiP,0.07
ybiV,0.77
ybiX,0.12
ybjC,0.46
ybjG,0.09
ybjM,0.53
ybjO,0.33
ybjP,0.7
ybjQ,0.64
ybjR,0.19
ybjS,0.07
ybjT,0.19
ybjX,0.21
ycaC,0.51
ycaK,0.96
ycaL,0.24
ycaN,0.15
ycaP,0.27
ycbB,0.64
ycbC,0.25
ycbF,0.19
ycbG,0.92
ycbJ,0.23
ycbK,0.11
ycbT,0.32
ycbU,0.41
ycbW,0.38
yccE,0.48
yccM,0.13
yccR,0.33
yccT,0.6
yccU,0.95
ycdB,0.34
ycdC,0.8
ycdH,0.16
ycdI,0.1
ycdK,0.38
ycdL,0.47
ycdM,0.26
ycdO,0.43
ycdP,0.1
ycdQ,0.18
ycdR,0.15
ycdS,0.07
ycdW,0.31
ycdX,0.95
yceB,0.45
yceD,0.95
yceF,0.84
yceH,0.84
yceP,0.89
ycfM,0.97
ycfN,0.09
ycfP,0.24
ycfQ,0.73
ycgB,0.03
ycgJ,0.78
ycgK,0.73
ycgL,1
ycgN,0.86
ycgR,0.39
ycgV,0.17
ycgX,0.55
ycgY,0.88
ycgZ,0.88
ychA,0.95
ychE,0.13
ychG,0.25
ychH,0.73
ychJ,0.65
ychN,0.92
ychP,0.07
ychQ,0.25
yciA,0.8
yciE,0.95
yciF,0.95
yciH,0.95
yciM,0.09
yciN,0.82
yciO,0.52
yciV,0.59
yciW,0.1
ycjD,0.3
ycjF,0.11
ycjG,0.2
ycjM,0.06
ycjN,0.67
ycjQ,0.09
ycjR,0.44
ycjS,0.13
ycjW,0.85
ycjX,0.05
ycjY,0.16
ydaC,0.95
ydaE,0.95
ydaL,0.66
ydaM,0.26
ydaN,0.82
ydaO,0.93
ydaT,0.88
ydaU,0.2
ydaW,0.88
ydbA,0.28
ydbC,0.61
ydbD,0.28
ydbL,0.51
ydcH,0.72
ydcJ,0.16
ydcP,0.13
ydcQ,0.87
ydcS,0.16
ydcY,0.95
ydcZ,0.14
yddH,0.57
yddK,0.06
yddL,0.48
yddV,0.21
yddW,0.62
ydeE,0.94
ydeH,0.37
ydeW,0.19
ydfG,0.15
ydfK,0.78
ydfP,0.19
ydfR,0.48
ydfT,0.4
ydfX,0.86
ydfZ,0.95
ydgA,0.26
ydgH,0.13
ydhA,0.53
ydhB,0.07
ydhD,0.91
ydhJ,0.27
ydhQ,0.95
ydhS,0.52
ydhT,0.25
ydhU,0.11
ydhV,0.29
ydhW,0.92
ydhY,0.32
ydhZ,0.95
ydiA,0.21
ydiE,0.95
ydiF,0.34
ydiJ,0.03
ydiL,0.43
ydiV,0.17
ydjA,0.99
ydjF,0.04
ydjH,0.63
ydjJ,0.77
ydjM,0.16
ydjN,0.09
ydjQ,0.14
ydjR,0.16
yeaA,0.97
yeaB,0.16
yeaD,0.97
yeaE,0.13
yeaG,0.52
yeaJ,0.16
yeaK,0.81
yeaM,0.17
yeaO,0.95
yeaP,0.4
yeaW,0.95
yeaX,0.71
yeaY,0.26
yeaZ,0.95
yebE,0.89
yebG,0.95
yebO,0.46
yebR,0.57
yebT,0.31
yebU,0.49
yebV,0.93
yebW,0.75
yecA,0.87
yecD,0.77
yecE,0.12
yecF,0.95
yecH,0.76
yecJ,0.95
yecN,0.5
yecP,0.04
yecR,0.15
yecT,0.31
yedD,0.95
yedF,0.91
yedI,0.04
yedJ,0.95
yedK,0.2
yedL,0.18
yedO,0.1
yedP,0.7
yedQ,0.12
yedS,0.18
yedV,0.13
yedX,0.78
yedY,0.07
yeeA,0.33
yeeI,0.87
yeeN,0.66
yeeP,0.06
yeeR,0.1
yeeS,0.66
yeeT,0.23
yeeV,0.92
yeeX,0.09
yefM,0.84
yegD,0.08
yegJ,0.79
yegK,0.66
yegL,0.53
yegQ,0.75
yegR,0.55
yegS,0.76
yegW,0.25
yegX,0.31
yehD,0.96
yehE,0.49
yehL,0.12
yehM,0.1
yehQ,0.12
yehR,0.81
yehT,0.94
yehU,0.02
yehW,0.15
yehZ,0.72
yeiA,0.65
yeiC,0.22
yeiE,0.15
yeiL,0.24
yeiN,0.98
yeiP,0.92
yeiR,0.61
yeiS,0.57
yeiU,0.36
yejA,0.2
yejG,0.91
yejK,0.76
yejO,0.3
yfaA,0.9
yfaE,0.32
yfaH,0.57
yfaO,0.72
yfaQ,0.09
yfaU,0.07
yfaW,0.06
yfaY,0.52
yfaZ,0.78
yfbF,0.14
yfbG,0.03
yfbH,0.11
yfbJ,0.1
yfbN,0.41
yfbO,0.85
yfbP,0.42
yfbQ,0.21
yfbR,0.68
yfbT,0.68
yfbU,0.39
yfbV,0.39
yfbW,0.77
yfcD,0.19
yfcH,0.17
yfcM,0.77
yfcO,0.42
yfcZ,0.88
yfdC,0.38
yfdE,0.37
yfdF,0.81
yfdK,0.91
yfdM,0.67
yfdN,0.77
yfdP,0.82
yfdR,0.08
yfdZ,0.77
yfeC,0.1
yfeG,0.05
yfeK,0.77
yfeN,0.06
yfeR,0.12
yfeS,0.3
yfeU,0.63
yfeX,0.2
yfeY,0.59
yfeZ,0.41
yffI,0.8
yfgB,0.6
yfgC,0.11
yfgI,0.12
yfgO,0.26
yfhD,0.1
yfhK,0.19
yfhL,0.95
yfiA,0.98
yfiC,0.49
yfiE,0.12
yfiF,0.81
yfiH,0.11
yfiL,0.59
yfiM,0.13
yfiO,0.22
yfiP,0.37
yfiQ,0.08
yfiR,0.22
yfjD,0.12
yfjF,0.95
yfjG,0.34
yfjI,0.22
yfjK,0.46
yfjL,0.17
yfjN,0.08
yfjO,0.89
yfjR,0.3
yfjT,0.22
ygaC,0.95
ygaF,0.15
ygaP,0.28
ygaQ,0.89
ygaT,0.47
ygaU,0.9
ygaW,0.12
ygaY,0.12
ygbA,0.31
ygbI,0.11
ygbK,0.21
ygbL,0.57
ygcE,0.39
ygcH,0.16
ygcJ,0.17
ygcM,0.91
ygcP,0.62
ygcQ,0.52
ygcR,0.25
ygcU,0.11
ygdB,0.07
ygdE,0.39
ygdH,0.04
ygdI,0.95
ygdL,0.69
ygdQ,0.17
ygeF,0.25
ygeK,0.28
ygeN,0.95
ygeO,0.1
ygeP,0.95
ygeX,0.75
ygeY,0.82
ygfB,0.98
ygfF,0.14
ygfG,0.56
ygfH,0.07
ygfI,0.19
ygfJ,0.2
ygfY,0.95
ygfZ,0.82
yggC,0.24
yggD,0.8
yggE,0.95
yggL,0.95
yggM,0.32
yggN,0.8
yggP,0.31
yggR,0.19
yggS,0.74
yggT,0.05
yggU,0.97
yggV,0.95
yggW,0.09
yggX,0.95
yghB,0.08
yghD,0.28
yghF,0.36
yghG,0.41
yghO,0.08
yghR,0.32
yghU,0.49
yghY,0.95
ygiC,0.7
ygiE,0.28
ygiF,0.79
ygiH,0.17
ygiN,0.95
ygiQ,0.11
ygiT,0.46
ygiU,0.74
ygiV,0.29
ygiZ,0.27
ygjD,0.15
ygjF,0.23
ygjJ,0.31
ygjK,0.22
ygjM,0.85
ygjN,0.15
ygjO,0.57
ygjP,0.4
yhaB,0.09
yhaL,0.95
yhaM,0.84
yhbC,0.95
yhbN,0.23
yhbO,0.95
yhbS,0.89
yhbT,0.89
yhbU,0.09
yhbW,0.09
yhbY,0.87
yhcB,0.83
yhcC,0.11
yhcE,0.21
yhcF,0.07
yhcG,0.17
yhcH,0.87
yhcM,0.31
yhdA,0.04
yhdH,0.65
yhdJ,0.2
yhdT,0.43
yhdV,0.3
yheS,0.39
yhfU,0.9
yhfX,0.33
yhgF,0.91
yhhA,0.95
yhhF,0.75
yhhJ,0.07
yhhK,0.95
yhhM,0.75
yhhP,0.97
yhhT,0.04
yhhX,0.65
yhhY,0.68
yhhZ,0.14
yhiD,0.29
yhiJ,0.07
yhiL,0.37
yhiN,0.21
yhiO,0.58
yhiQ,0.43
yhiR,0.13
yhiS,0.2
yhjB,0.25
yhjC,0.08
yhjD,0.14
yhjG,0.11
yhjH,0.07
yhjJ,0.83
yhjY,0.09
yiaC,0.22
yiaD,0.64
yiaF,0.67
yiaG,0.92
yiaJ,0.9
yiaO,0.2
yiaU,0.31
yiaV,0.23
yiaW,0.21
yibD,0.1
yibF,0.71
yibJ,0.71
yibK,0.64
yibQ,0.15
yicC,0.36
yicE,0.09
yicI,0.32
yicN,0.24
yicR,0.28
yidB,0.75
yidC,0.27
yidF,0.22
yidG,0.21
yidH,0.2
yidP,0.05
yidQ,0.95
yidX,0.54
yieE,0.08
yieH,0.23
yieK,0.26
yieP,0.55
yifB,0.2
yifO,0.1
yigA,0.18
yigB,0.11
yigF,0.26
yigI,0.1
yigZ,0.66
yihE,0.09
yihQ,0.31
yihR,0.19
yihS,0.18
yihV,0.57
yiiG,0.95
yiiL,0.94
yiiM,0.89
yiiR,0.5
yiiU,0.82
yiiX,0.27
yijD,0.22
yijF,0.15
yjaA,0.78
yjaH,0.25
yjbB,0.04
yjbI,0.26
yjbJ,0.83
yjbL,0.34
yjbQ,0.53
yjbR,0.95
yjcB,0.46
yjcO,0.83
yjcP,0.12
yjcS,0.27
yjcZ,0.07
yjdA,0.28
yjdC,0.95
yjdF,0.03
yjdI,0.8
yjeB,0.81
yjeE,0.78
yjeF,0.53
yjeI,0.88
yjeJ,0.98
yjeK,0.09
yjeO,0.57
yjeS,0.14
yjeT,0.2
yjfI,0.76
yjfJ,0.95
yjfK,0.72
yjfL,0.19
yjfM,0.95
yjfN,0.95
yjfP,0.4
yjfZ,0.14
yjgA,0.82
yjgF,0.76
yjgH,0.87
yjgJ,0.39
yjgM,0.95
yjgQ,0.09
yjgR,0.87
yjhA,0.09
yjhD,0.08
yjhG,0.15
yjhR,0.34
yjhS,0.2
yjhV,0.43
yjiA,0.9
yjiE,0.28
yjiG,0.02
yjiH,0.17
yjiK,0.31
yjiL,0.1
yjjB,0.11
yjjG,0.52
yjjI,0.42
yjjK,0.92
yjjM,0.11
yjjN,0.93
yjjP,0.16
yjjQ,0.17
yjjU,0.07
yjjV,0.13
yjjW,0.58
yjjX,0.7
ykfF,0.87
ykfJ,0.17
ykgA,0.14
ykgC,0.47
ykgD,0.14
ykgG,0.81
ykgJ,0.33
ykgN,0.12
ykiA,0.95
ykiB,0.9
ylaB,0.09
ylaC,0.61
yliB,0.4
yliC,0.03
yliE,0.04
yliF,0.1
yliG,0.73
yliH,0.52
yliI,0.22
yliJ,0.16
yliK,0.17
ymbA,0.82
ymcB,0.42
ymcC,0.37
ymcD,0.95
ymcE,0.95
ymdA,0.37
ymdB,0.82
ymdE,0.21
ymfC,0.78
ymfG,0.95
ymfJ,0.47
ymfK,0.95
ymfL,0.21
ymfM,0.95
ymfN,0.18
ymfO,0.1
ymfP,0.54
ymfR,0.16
ymfT,0.95
ymgA,0.96
ymgD,0.86
ymgE,0.16
ymgF,0.25
ymjA,0.95
ynaI,0.15
ynaJ,0.3
ynaK,0.9
ynbA,0.12
ynbC,0.13
yncC,0.46
yncD,0.03
yncE,0.65
yncG,0.16
yncH,0.36
yncJ,0.38
yneF,0.32
yneJ,0.04
yneK,0.25
ynfB,0.49
ynfD,0.79
yniB,0.41
yniC,0.45
ynjA,0.41
ynjB,0.7
ynjD,0.2
ynjE,0.41
ynjH,0.27
yoaA,0.12
yoaB,0.77
yoaC,0.95
yoaD,0.13
yoaF,0.91
yobB,0.11
yobG,0.54
yobH,0.58
yoeF,0.14
yohD,0.66
yohF,0.62
yohJ,0.16
yohN,0.8
ypdI,0.23
ypeA,0.8
ypfE,0.93
ypfG,0.62
ypfH,0.95
ypfN,0.71
yphB,0.39
yphF,0.64
yqeH,0.13
yqeK,0.11
yqfB,0.87
yqgE,0.85
yqgF,0.95
yqhC,0.22
yqhD,0.92
yqhG,0.84
yqiB,0.3
yqiC,1
yqiH,0.22
yqjB,0.15
yqjG,0.24
yqjI,0.61
yqjK,0.31
yraK,0.78
yraM,0.95
yraN,0.97
yrbC,0.62
yrbD,0.6
yrbF,0.23
yrbK,0.51
yrdC,0.7
yrfB,0.2
yrfC,0.22
yrfF,0.27
yrfG,0.53
ysaB,0.36
ytfA,0.26
ytfB,0.58
ytfE,0.95
ytfG,0.95
ytfH,0.86
ytfI,0.14
ytfJ,0.18
ytfK,0.78
ytfP,0.98
ytfQ,0.9
ytjB,0.63
yzgL,0.3
zapA,0.98
zntA,0.27
znuA,0.85
zur,0.95
zwf,0.67
acrE,0.71
agaV,0.77
appA,0.66
araG,0.38
argI,0.43
aroG,1
aroH,0.12
artJ,0.73
astC,0.29
baeR,0.74
basR,0.92
betB,0.34
bglA,0.7
bglB,0.19
cadA,0.05
clpB,0.75
cpxR,1
creB,0.86
csgA,0.67
cspB,1
cspC,0.94
cspF,0.21
cspH,1
cysA,0.14
cysB,0.08
cysM,0.52
cysW,0.52
dacC,0.21
dacD,0.13
dadX,0.03
dcuC,0.07
ddlB,0.97
ddpF,0.18
degQ,0.67
dkgB,0.79
dnaJ,0.52
dppC,0.04
dppD,0.19
dppF,0.24
ego,0.17
emrK,0.39
envR,0.44
essQ,0.17
fadA,0.1
fdoH,0.78
feaB,0.11
fepA,0.11
fimZ,0.32
flgG,0.79
flhA,0.14
frwD,0.44
fsaB,0.47
fucO,0.77
fumB,0.7
fumC,0.65
gabD,0.6
gadX,0.31
galR,0.37
galU,0.86
gapA,0.73
glnH,0.62
glnK,0.41
glnQ,0.97
gltL,0.43
glxK,0.74
greB,1
groL,0.95
gudX,0.19
hisP,0.67
hisQ,0.08
hofB,0.17
hokC,0.32
hokE,0.52
hscA,1
hybC,0.29
hybD,1
hydN,1
hyfH,0.17
hyfJ,0.79
hyfR,0.07
idnO,0.48
ihfB,0.23
ilvB,0.29
intB,0.09
intS,0.59
kbaZ,0.62
kbl,0.38
kdpE,0.78
kduD,0.71
ldcC,0.06
livF,0.15
malK,0.19
manZ,0.3
mdoG,0.24
mdtE,0.9
mdtI,0.15
mdtJ,0.37
metC,0.28
mglA,0.15
mraW,0.66
nadB,0.2
nagC,0.38
narW,0.91
narY,0.14
nikD,0.45
nikE,0.42
nlpA,0.77
nudG,0.9
ompC,0.07
ompF,0.18
ompR,0.87
oppA,0.74
oppD,0.18
oppF,0.18
paaF,0.71
paaJ,0.18
pdhR,0.04
perR,0.1
pfkB,0.84
phnC,0.11
phnL,0.08
phoE,0.03
pinQ,0.22
potA,0.94
potG,0.11
pphB,0.22
ppiB,0.64
ppx,0.47
prpR,0.15
psiF,0.44
pstB,0.24
ptsG,0.03
puuC,0.15
puuE,0.42
pykF,1
rbsA,0.49
rbsB,0.94
rbsR,0.33
rfaJ,0.35
rffG,0.41
rhlE,0.63
rihB,0.62
rluD,0.34
rspA,0.04
rspB,0.95
rstA,0.85
rzoR,0.88
sapA,0.31
sapC,0.11
sapD,0.22
sdaB,0.9
sdhA,0.1
sfmA,0.83
sgbE,0.32
soxS,0.49
spoT,0.08
srmB,0.69
ssuB,0.24
stpA,0.16
sufA,0.86
sufI,0.08
sufS,0.11
talB,0.85
tar,0.74
tauB,0.1
tauC,0.1
tdcD,0.54
tdcE,0.17
tdcG,0.16
tfaQ,0.88
tfaR,1
thiF,0.46
thiQ,0.09
torR,0.78
torY,0.45
trg,0.34
trxC,0.92
tsr,0.44
tyrR,0.47
ubiH,0.15
ucpA,0.79
ugpC,0.2
uhpA,0.73
ulaE,0.42
ulaF,0.08
uspG,0.86
uvrD,0.2
visC,0.49
wzb,0.25
xerD,0.73
xylG,0.48
yabP,0.33
yadR,0.84
yagB,0.06
yagT,0.89
ybbA,1
ybbL,0.43
ybbS,0.03
ybcF,0.16
ybdH,0.16
ybeQ,0.27
ybeU,0.12
ybfO,0.08
ybgP,0.19
ybhB,1
ybhS,0.08
ybiS,0.41
ybiY,0.49
ybjI,0.6
ycaJ,0.92
ycbQ,0.86
ycbR,0.29
ycbV,0.47
yccC,0.41
yccZ,0.6
ycfR,0.71
ycfS,0.63
ycgE,0.36
yciT,0.37
ycjV,0.11
ydcC,0.24
ydcI,0.12
ydcR,0.25
ydcT,0.26
ydeJ,0.98
ydeM,0.07
ydeN,0.57
ydeO,0.61
ydeS,0.79
ydfI,0.13
ydfQ,0.82
ydhI,0.44
ydiB,0.84
ydiI,0.78
ydiO,0.34
ydiT,0.84
ydjG,0.1
ydjI,0.21
ydjL,0.38
yeaU,0.11
yecC,0.37
yecG,0.84
yecI,0.83
yecS,0.05
yedW,1
yeeU,0.83
yehX,0.09
yeiI,0.09
yeiQ,0.31
yeiT,0.23
yfaD,0.48
yfcI,0.42
yfcR,0.5
yfcS,0.78
yfcY,0.09
yfgD,1
yfhA,0.43
yfhH,0.35
yfjP,0.35
yfjQ,0.12
yfjZ,0.65
ygaM,0.5
ygaR,0.12
ygbM,0.15
ygdK,0.81
ygeQ,0.68
ygeV,0.1
ygfS,0.97
yghS,0.36
yghT,0.5
ygiW,0.29
ygjG,0.53
yhbG,0.19
yhbH,0.89
yhdZ,0.11
yhfW,0.76
yhgA,0.28
yhhH,0.52
yhhI,0.63
yhhW,0.88
yiaL,0.07
yiaT,0.22
yiaY,0.7
yibH,0.24
yihF,0.83
yihU,0.14
yihW,0.47
yiiS,1
yiiT,0.97
yjgB,0.53
yjhI,0.08
yjiR,0.07
yjtD,0.29
ykfA,0.32
ykfB,0.6
ykfC,0.21
ykfG,0.28
ykfI,0.29
ylbE,0.34
yliD,0.1
ymfH,0.54
ymgG,0.99
ynaE,0.87
yneH,0.48
yneI,0.56
ynfG,0.39
ynfL,0.35
yoaE,0.11
yodB,0.16
yohL,1
ypdB,0.77
ypdC,0.18
ypdE,0.93
ypdH,0.95
ypeC,0.14
yphC,0.07
yphD,0.38
yphE,0.05
yphH,0.21
ypjC,0.76
ypjF,0.68
yqaB,0.13
yqaC,0.08
yqcB,0.09
yqeA,0.97
yqeF,0.47
yqhH,0.18
yqjA,0.04
yraO,0.7
yrdA,0.56
ysgA,0.91
ytfR,0.25
yzcX,0.27
yzfA,0.88
zntR,0.71
znuC,0.16
agaV,0.77
argI,0.43
betB,0.34
bglA,0.7
cpxR,1
cspH,1
cysW,0.52
dadX,0.03
dcuC,0.07
ddlB,0.97
ddpF,0.18
degQ,0.67
envY,0.25
fabF,0.08
fabG,0.93
fdoI,0.17
fepC,0.18
fhuC,0.46
fldB,0.91
frmA,0.71
ftsE,0.12
gabT,0.77
gadB,0.15
galS,0.1
glnG,0.82
glxR,0.72
gntT,0.14
hokB,0.42
hypA,0.78
iclR,0.21
ilvI,0.03
intE,0.24
intR,0.35
ispU,0.67
kbaY,0.14
kdsD,0.62
livK,0.79
lpxL,0.12
narP,0.78
nohB,0.4
norR,0.3
ompN,0.1
paaY,0.45
parC,0.18
phoP,0.87
pinR,0.7
prlC,0.94
prpE,0.14
qseB,0.97
rffH,0.18
rihC,0.57
sbp,0.7
sdhB,0.34
speC,0.03
srlR,0.5
thiP,0.11
tktB,0.11
treF,0.49
tufB,0.87
ulaC,0.84
uxaA,1
yaaW,0.64
ybaO,0.17
ybeT,0.49
ybeZ,0.62
ycfX,0.2
yciG,0.92
ydcW,0.2
ydeI,1
ydeP,0.08
ydeQ,0.62
ydeR,0.67
ydeT,0.03
ydfO,0.77
ydiR,0.09
ydiS,0.44
yeaT,0.07
yfbE,0.13
yfcX,0.16
yfdL,0.12
yfdO,0.37
yfeD,0.15
yfjX,0.69
yfjY,0.37
ygaD,1
ygbJ,0.63
ygcN,0.2
ygeM,0.72
ygfT,0.25
yggG,0.6
yghZ,0.13
ygiS,0.27
yhaI,0.28
yhiK,1
yibI,0.33
yjfC,0.14
yjgI,0.92
yjgK,0.56
yjhH,0.08
yjiC,0.25
ykgM,0.72
ykgM,0.72
ylbH,0.23
yncI,0.54
ynfK,0.89
ynhG,0.23
yqaA,0.05
yqcA,0.94
yqcC,0.87
yqeB,0.18
yqiI,0.85
yraI,0.56
zraR,0.69
acpS,0.84
acpT,0.14
acrA,0.65
acrR,0.52
ada,0.32
aer,0.31
aes,0.34
agaW,0.1
alaS,0.58
allD,0.26
alsA,0.18
alsE,0.76
amiC,0.33
ampC,0.26
ampH,0.41
apaH,0.27
apt,0.89
araB,0.3
argA,0.58
argB,0.81
argD,0.29
argE,0.42
argF,0.09
argK,0.23
aroB,0.22
arsC,0.92
ascB,0.28
ascF,0.07
asd,0.19
aslB,0.15
asnS,0.7
atoS,0.27
atpC,1
atpD,0.78
azoR,1
bax,0.6
bcsF,0.68
bcsZ,0.06
betA,0.09
bglH,0.09
bioA,0.22
bioC,0.06
blc,0.52
bolA,0.81
caiE,0.19
cbpA,0.61
cbpM,0.36
cca,0.84
cchB,0.57
cdd,0.42
cdh,0.55
chbC,0.05
cirA,0.47
citF,0.37
citG,0.06
clpX,0.7
cmtB,0.97
coaE,0.64
cobS,0.03
codA,0.11
cof,0.32
cpdA,0.6
cpxP,1
crcB,0.2
creD,0.28
crl,0.87
crr,1
csgF,0.3
csiE,0.12
csiR,0.07
cspA,0.92
cusB,0.56
cybB,0.32
cysD,0.11
cysG,0.55
cysI,0.38
cysQ,0.84
cysS,0.4
dapF,0.17
dcuS,0.35
ddpD,0.23
ddpX,0.46
def,0.67
degS,0.76
der,0.66
dgoD,0.04
dgoR,1
dhaR,0.09
dksA,0.73
dmsB,0.28
dnaK,1
dos,0.11
dsbA,0.72
dsbG,0.51
dusB,0.16
dusC,0.1
dut,0.97
eamA,0.04
efp,1
entD,0.36
envC,0.11
eutE,0.76
fabI,0.49
fabR,0.08
fadD,0.37
fadH,0.17
fdhE,0.82
fdnI,0.35
fdx,0.82
ffh,1
fhlA,0.1
fhuE,0.01
fimH,0.2
fis,1
fiu,0.11
fixC,0.36
fixX,0.83
fldA,0.99
flgM,0.89
flhC,0.03
flhD,0.88
fliC,0.8
fliL,0.35
fliT,0.93
fliY,0.96
flk,0.62
folA,0.81
folC,0.85
frdD,0.07
fre,0.88
frvA,0.69
frvX,0.95
ftsZ,0.8
fucR,0.36
galM,1
garR,0.91
gcd,0.19
ggt,0.37
glcF,0.24
glf,0.06
glgA,0.11
glgB,0.18
glgS,0.9
glk,0.8
glmM,0.61
glnE,0.57
glnL,0.89
glnS,0.3
gloA,1
glpC,0.14
gltF,0.96
gltX,0.87
glvB,0.34
glvG,0.3
glyQ,0.59
gnd,0.9
gpsA,0.99
grxC,0.8
gshA,0.26
gshB,0.77
gsk,0.85
gspH,0.73
gspL,0.18
gyrA,0.49
hcaF,0.06
hcp,1
hdfR,0.06
hemD,0.22
hepA,0.38
hflK,0.2
hha,0.99
hisB,0.67
hlyE,0.63
hns,1
hofQ,0.64
hokA,1
holB,0.38
holC,0.7
hrpB,0.04
hsdM,1
hslR,1
hyaA,0.38
hyaB,0.09
hyaE,1
hycG,0.46
hycH,1
hyuA,0.24
ibpB,1
idnR,0.07
ilvA,0.48
ilvE,0.31
ilvH,0.15
inaA,0.24
infC,1
intA,0.08
intD,0.28
iscR,1
ivy,0.27
katG,0.84
kdpC,0.18
kdpF,0.29
kdsA,0.3
kduI,0.63
kil,0.25
lar,1
ldhA,0.72
leuC,0.7
leuD,0.93
ligA,0.59
ligB,0.12
livG,0.12
lldD,0.04
lldR,0.07
lnt,0.03
lolB,0.85
lpd,0.79
lpxH,0.21
maoC,0.08
mazG,0.89
mbhA,0.74
mdlA,0.09
mdlB,0.07
mdoB,0.07
mdtA,0.38
melR,0.16
menA,0.14
metG,0.5
metJ,0.89
metK,0.48
metN,0.23
metQ,0.86
mgsA,1
mhpA,0.07
mhpC,0.17
miaA,0.23
miaB,0.71
minD,0.95
mmuM,0.98
mngA,0.38
moaB,1
moaE,0.84
mraZ,0.79
msbA,0.12
mscL,0.67
mukF,0.76
murA,0.64
murD,0.68
murF,0.59
murG,0.49
mutH,1
mutT,1
mutY,0.32
mviM,0.05
nadD,0.89
nanA,0.16
nanE,0.88
napC,0.14
narJ,1
nfrA,0.04
nfsA,0.77
nhaR,0.13
nirD,0.92
nlpD,0.85
norV,0.39
nrdB,0.46
nrdH,1
nrdI,1
nrfC,0.23
nudE,0.63
nuoA,0.49
nuoE,0.31
nuoG,0.18
nuoI,0.72
nusA,0.99
nusG,0.73
obgE,0.94
ompG,0.55
otsA,0.3
oxc,0.22
paaI,0.77
pabB,0.82
parE,0.77
pbpC,0.09
pbpG,0.83
pdxB,0.15
pepQ,0.15
pfkA,0.77
pflD,0.12
pgi,1
pgpA,0.23
phnB,0.81
phnN,0.04
phoA,0.78
phoR,0.13
pitB,0.06
pmbA,0.16
pnp,0.74
potF,0.62
ppdA,0.11
ppdB,0.23
ppk,0.08
pps,0.49
prfB,0.93
prfC,0.23
proA,1
proB,0.88
proX,0.52
pspC,0.29
pspD,0.35
ptsI,0.9
purA,0.41
purK,0.42
puuB,0.12
pyrD,0.13
pyrH,0.31
rbsD,0.93
rcsA,0.32
recA,0.88
recD,0.15
recX,0.93
rfaB,0.41
rfaC,0.52
rfaS,0.4
rfbA,0.64
rffM,0.36
rhsE,0.01
rimK,0.12
rimL,1
rluA,0.44
rna,0.32
rnk,0.95
rnt,0.65
rpiR,0.39
rplB,1
rplL,0.99
rplQ,0.77
rplT,1
rplU,0.56
rplX,1
rplY,0.86
rpoE,1
rpoH,0.94
rpsP,1
rpsS,0.91
rseA,0.59
rseB,0.15
rsmB,0.51
rsmC,0.43
rssA,0.05
rtcR,0.07
sanA,0.11
sdhC,0.43
secA,0.58
secB,0.89
secE,0.08
secG,0.49
sfcA,0.09
sfmC,0.28
sgcQ,0.08
sgcR,0.11
speA,0.48
speG,0.62
sppA,0.14
ssb,0.81
sseB,1
sstT,0.15
ssuC,0.07
sufB,0.43
sufC,0.69
surE,0.41
talA,0.18
tam,0.78
tdcB,0.72
tdcR,0.75
tesB,0.24
tfaD,0.87
thiE,0.1
thiL,0.8
thrS,0.23
thyA,0.06
tldD,0.91
tmk,0.88
torC,0.43
torD,1
torT,0.13
trmH,0.23
trpC,0.19
trpD,0.23
trpE,0.66
ttk,0.9
tufA,0.99
tyrA,0.72
tyrS,0.63
ubiF,0.14
udp,0.81
ugpQ,0.6
ulaR,0.13
umuD,0.66
uspE,0.73
uxuB,0.53
valS,0.6
wza,0.44
wzzE,0.2
xdhA,0.12
xerC,0.77
xylB,0.1
xylR,0.29
yacC,0.22
yacG,0.92
yacL,0.83
yadI,0.18
yaeQ,0.77
yafC,0.08
yafD,0.1
yafJ,0.33
yafL,0.35
yafZ,0.09
yagK,0.94
yagM,0.21
yahA,0.26
yahD,0.33
yahN,0.45
yaiB,0.84
yaiI,0.8
yaiL,0.81
yaiO,0.06
yaiT,0.55
yaiX,0.37
yaiZ,0.72
yajC,0.41
yajO,0.05
ybaB,0.83
ybaD,1
ybaL,0.37
ybaQ,0.81
ybbD,0.46
ybbJ,0.12
ybbK,0.14
ybcL,0.49
ybcN,0.65
ybcY,0.24
ybdB,0.8
ybdN,0.19
ybeB,0.95
ybeF,0.19
ybeX,0.97
ybfA,0.13
ybfB,0.35
ybfL,0.16
ybfN,0.78
ybgI,0.13
ybgO,0.53
ybhK,0.3
ybiA,0.83
ybiB,0.08
ybiT,0.43
ybiU,0.28
ybjD,0.03
ybjH,0.1
ybjN,0.84
ycaQ,0.06
ycbX,0.35
ycbY,0.22
yccK,0.81
yccX,1
ycdY,0.9
yceG,0.17
yceI,0.69
yceJ,0.11
yceQ,0.21
ycfD,0.81
ycfK,0.26
ycfL,0.7
ycgF,0.2
ycgM,0.24
ychF,0.63
yciK,0.6
yciS,0.36
ydbH,0.13
ydbJ,0.24
ydcD,0.09
ydcF,0.24
ydcK,0.19
ydcM,0.57
ydcN,0.75
yddB,0.03
yddE,0.82
ydeV,0.06
ydfC,0.52
ydgC,0.24
ydgD,0.29
ydhF,0.11
ydhH,0.56
ydhM,0.16
ydiU,0.01
ydiY,0.16
ydjO,0.14
ydjY,0.96
yeaR,0.97
yebA,0.34
yebF,1
yebK,0.27
yebY,0.36
yecM,1
yecO,0.33
yedR,0.43
yeeL,0.14
yeeZ,0.39
yegH,0.17
yegU,0.3
yehA,0.49
yehC,0.44
yehK,0.92
yehP,0.08
yehS,0.66
yeiW,0.83
yejH,0.26
yejL,0.84
yejM,0.02
yfaP,1
yfaT,0.26
yfaX,0.38
yfbK,0.49
yfcN,0.48
yfcQ,0.96
yfcV,0.98
yfdQ,1
yfdS,0.96
yfdX,0.5
yfdY,0.59
yfeT,0.25
yffB,0.87
yffH,0.73
yfgH,0.73
yfgM,0.5
yfhB,0.08
yfhG,0.55
yfhQ,0.79
yfhR,0.21
yfiB,0.75
yfjH,0.19
ygcF,0.63
ygcI,0.15
ygcK,0.5
ygcL,0.1
ygeA,0.12
ygeG,0.55
ygeH,0.2
ygeR,0.58
ygeW,0.68
ygfA,0.09
ygfM,0.31
ygfX,0.33
yggH,0.4
yggJ,0.19
yghA,0.8
ygiL,0.92
ygiP,0.13
ygjH,1
ygjR,0.54
yhaH,0.09
yhaJ,0.19
yhaK,0.78
yhbJ,0.39
yhbP,0.86
yhbQ,1
yhbV,0.19
yhcA,0.27
yhcO,0.76
yhdL,1
yhdU,0.82
yheT,0.12
yhfA,0.99
yhfK,0.06
yhfS,0.15
yhgN,0.37
yhhL,0.47
yhiF,0.45
yhjA,0.21
yiaA,0.59
yiaB,0.38
yiaK,0.37
yiaM,0.14
yibG,0.19
yibN,0.48
yibT,0.77
yicH,0.07
yidA,0.48
yidI,0.28
yidJ,0.23
yidL,0.26
yidZ,0.05
yieF,0.86
yieI,0.26
yieM,0.31
yieN,0.27
yifK,0.31
yihD,1
yihG,0.15
yihI,1
yihM,0.79
yihT,0.71
yiiD,0.54
yijO,0.23
yijP,0.27
yjaB,0.87
yjaG,0.77
yjcH,0.54
yjdJ,0.84
yjeN,0.86
yjfO,0.47
yjfY,0.94
yjgL,0.85
yjgP,0.14
yjgW,0.43
yjhE,0.15
yjhP,0.15
yjhT,0.76
yjiD,0.7
yjiM,0.44
yjiW,0.35
yjjA,1
yjjJ,0.08
yjjZ,0.2
ykgE,0.1
ykgH,0.25
ylbF,0.1
ymdC,0.22
ymdF,0.91
ymfB,0.98
ymfD,0.13
ymfE,0.08
ymfQ,0.12
ymgC,0.37
ynaA,0.7
yncA,0.44
yneG,0.44
ynfO,0.78
ynjI,0.05
yohC,0.16
yojI,0.18
yojL,0.66
ypdF,0.33
ypfI,0.06
yqcD,0.47
yqeC,0.23
yqeI,0.15
yqhA,0.15
yqiA,0.17
yqiJ,0.12
yqiK,1
yqjC,0.8
yqjH,0.19
yraP,0.96
yraR,0.12
yrdB,1
yrhA,0.38
ytfL,0.48
ytjC,0.56
zipA,0.96
